[
    {
        "model": "sessions.session",
        "pk": "t8dqw8qrugf09cbg18cqste0naqghcpz",
        "fields": {
            "session_data": "eyJ1c3VhcmlvX2lkIjo0Nn0:1wARSA:rpFwmGYRCK1ozuTN19xwr-gmhq4FfxKGXucxjBMQ3fQ",
            "expire_date": "2026-04-22T11:52:14.725Z"
        }
    },
    {
        "model": "LoginApp.alertasinasistencia",
        "pk": 1,
        "fields": {
            "aprendiz_id": 3,
            "cantidad_fallas": 1,
            "fecha_alerta": "2024-06-11T08:00:00Z",
            "mensaje": "El aprendiz del programa de Diseño Gráfico ha acumulado 1 falla. Se requiere seguimiento.",
            "coordinacion": 2
        }
    },
    {
        "model": "LoginApp.alertasinasistencia",
        "pk": 2,
        "fields": {
            "aprendiz_id": 2,
            "cantidad_fallas": 1,
            "fecha_alerta": "2024-06-12T08:00:00Z",
            "mensaje": "El aprendiz del programa de Análisis y Desarrollo de Software ha acumulado 1 falla.",
            "coordinacion": 1
        }
    },
    {
        "model": "LoginApp.alertasinasistencia",
        "pk": 3,
        "fields": {
            "aprendiz_id": 5,
            "cantidad_fallas": 1,
            "fecha_alerta": "2024-06-12T08:30:00Z",
            "mensaje": "El aprendiz del programa de Gestión Logística presentó inasistencia injustificada.",
            "coordinacion": 3
        }
    },
    {
        "model": "LoginApp.ambiente",
        "pk": 1,
        "fields": {
            "num_ambiente": 101,
            "capacidad": 30,
            "tipo_ambiente": "Aula de Clases",
            "estado": "Disponible"
        }
    },
    {
        "model": "LoginApp.ambiente",
        "pk": 2,
        "fields": {
            "num_ambiente": 102,
            "capacidad": 25,
            "tipo_ambiente": "Laboratorio de Cómputo",
            "estado": "Disponible"
        }
    },
    {
        "model": "LoginApp.ambiente",
        "pk": 3,
        "fields": {
            "num_ambiente": 103,
            "capacidad": 30,
            "tipo_ambiente": "Aula de Clases",
            "estado": "Disponible"
        }
    },
    {
        "model": "LoginApp.ambiente",
        "pk": 4,
        "fields": {
            "num_ambiente": 201,
            "capacidad": 20,
            "tipo_ambiente": "Taller de Diseño",
            "estado": "Disponible"
        }
    },
    {
        "model": "LoginApp.ambiente",
        "pk": 5,
        "fields": {
            "num_ambiente": 202,
            "capacidad": 18,
            "tipo_ambiente": "Laboratorio de Multimedia",
            "estado": "Disponible"
        }
    },
    {
        "model": "LoginApp.ambiente",
        "pk": 6,
        "fields": {
            "num_ambiente": 301,
            "capacidad": 40,
            "tipo_ambiente": "Salón Multipropósito",
            "estado": "En mantenimiento"
        }
    },
    {
        "model": "LoginApp.ambiente",
        "pk": 7,
        "fields": {
            "num_ambiente": 401,
            "capacidad": 15,
            "tipo_ambiente": "Laboratorio de Enfermería",
            "estado": "Disponible"
        }
    },
    {
        "model": "LoginApp.ambiente",
        "pk": 8,
        "fields": {
            "num_ambiente": 402,
            "capacidad": 12,
            "tipo_ambiente": "Consultorio de Práctica",
            "estado": "Disponible"
        }
    },
    {
        "model": "LoginApp.ambiente",
        "pk": 9,
        "fields": {
            "num_ambiente": 501,
            "capacidad": 35,
            "tipo_ambiente": "Taller de Mecánica",
            "estado": "Disponible"
        }
    },
    {
        "model": "LoginApp.ambiente",
        "pk": 10,
        "fields": {
            "num_ambiente": 502,
            "capacidad": 25,
            "tipo_ambiente": "Laboratorio de Soldadura De maquinas",
            "estado": "En mantenimiento"
        }
    },
    {
        "model": "LoginApp.ambiente",
        "pk": 11,
        "fields": {
            "num_ambiente": 108,
            "capacidad": 25,
            "tipo_ambiente": "Aula de Informatica 3",
            "estado": "Disponible"
        }
    },
    {
        "model": "LoginApp.aprendiz",
        "pk": 11,
        "fields": {
            "programas_id_programas": 1,
            "ficha_idficha": 1
        }
    },
    {
        "model": "LoginApp.aprendiz",
        "pk": 12,
        "fields": {
            "programas_id_programas": 1,
            "ficha_idficha": 1
        }
    },
    {
        "model": "LoginApp.aprendiz",
        "pk": 13,
        "fields": {
            "programas_id_programas": 2,
            "ficha_idficha": 2
        }
    },
    {
        "model": "LoginApp.aprendiz",
        "pk": 14,
        "fields": {
            "programas_id_programas": 2,
            "ficha_idficha": 2
        }
    },
    {
        "model": "LoginApp.aprendiz",
        "pk": 15,
        "fields": {
            "programas_id_programas": 3,
            "ficha_idficha": 3
        }
    },
    {
        "model": "LoginApp.aprendiz",
        "pk": 16,
        "fields": {
            "programas_id_programas": 5,
            "ficha_idficha": 5
        }
    },
    {
        "model": "LoginApp.aprendiz",
        "pk": 17,
        "fields": {
            "programas_id_programas": 5,
            "ficha_idficha": 5
        }
    },
    {
        "model": "LoginApp.aprendiz",
        "pk": 18,
        "fields": {
            "programas_id_programas": 6,
            "ficha_idficha": 6
        }
    },
    {
        "model": "LoginApp.aprendiz",
        "pk": 19,
        "fields": {
            "programas_id_programas": 7,
            "ficha_idficha": 7
        }
    },
    {
        "model": "LoginApp.aprendiz",
        "pk": 20,
        "fields": {
            "programas_id_programas": 4,
            "ficha_idficha": 4
        }
    },
    {
        "model": "LoginApp.aprendiz",
        "pk": 42,
        "fields": {
            "programas_id_programas": 1,
            "ficha_idficha": 7
        }
    },
    {
        "model": "LoginApp.aprendiz",
        "pk": 45,
        "fields": {
            "programas_id_programas": 1,
            "ficha_idficha": 8
        }
    },
    {
        "model": "LoginApp.aprendiz",
        "pk": 52,
        "fields": {
            "programas_id_programas": 1,
            "ficha_idficha": 8
        }
    },
    {
        "model": "LoginApp.aprendiz",
        "pk": 65,
        "fields": {
            "programas_id_programas": 1,
            "ficha_idficha": 8
        }
    },
    {
        "model": "LoginApp.aprendiz",
        "pk": 66,
        "fields": {
            "programas_id_programas": 1,
            "ficha_idficha": 9
        }
    },
    {
        "model": "LoginApp.aprendiz",
        "pk": 67,
        "fields": {
            "programas_id_programas": null,
            "ficha_idficha": 1
        }
    },
    {
        "model": "LoginApp.aprendiz",
        "pk": 68,
        "fields": {
            "programas_id_programas": null,
            "ficha_idficha": 8
        }
    },
    {
        "model": "LoginApp.aprendiz",
        "pk": 73,
        "fields": {
            "programas_id_programas": null,
            "ficha_idficha": 15
        }
    },
    {
        "model": "LoginApp.aprendiz",
        "pk": 74,
        "fields": {
            "programas_id_programas": 1,
            "ficha_idficha": 15
        }
    },
    {
        "model": "LoginApp.aprendiz",
        "pk": 80,
        "fields": {
            "programas_id_programas": null,
            "ficha_idficha": 16
        }
    },
    {
        "model": "LoginApp.coordinacion",
        "pk": 1,
        "fields": {
            "nombre_coordinacion": "Coordinación de Sistemas",
            "correo_coordinacion": "sistemas@sena.edu.co"
        }
    },
    {
        "model": "LoginApp.coordinacion",
        "pk": 2,
        "fields": {
            "nombre_coordinacion": "Coordinación de Diseño",
            "correo_coordinacion": "diseno@sena.edu.co"
        }
    },
    {
        "model": "LoginApp.coordinacion",
        "pk": 3,
        "fields": {
            "nombre_coordinacion": "Coordinación de Logística",
            "correo_coordinacion": "logistica@sena.edu.co"
        }
    },
    {
        "model": "LoginApp.coordinacion",
        "pk": 4,
        "fields": {
            "nombre_coordinacion": "Coordinación de Salud",
            "correo_coordinacion": "salud@sena.edu.co"
        }
    },
    {
        "model": "LoginApp.coordinacion",
        "pk": 5,
        "fields": {
            "nombre_coordinacion": "Coordinación de Industria",
            "correo_coordinacion": "industria@sena.edu.co"
        }
    },
    {
        "model": "LoginApp.coordinador",
        "pk": 43,
        "fields": {
            "coordinacion_id_coordinacion": 1
        }
    },
    {
        "model": "LoginApp.ficha",
        "pk": 1,
        "fields": {
            "num_ficha": 2271021,
            "instructores": [
                3
            ]
        }
    },
    {
        "model": "LoginApp.ficha",
        "pk": 2,
        "fields": {
            "num_ficha": 2271022,
            "instructores": [
                4
            ]
        }
    },
    {
        "model": "LoginApp.ficha",
        "pk": 3,
        "fields": {
            "num_ficha": 2271023,
            "instructores": [
                5
            ]
        }
    },
    {
        "model": "LoginApp.ficha",
        "pk": 4,
        "fields": {
            "num_ficha": 2271025,
            "instructores": [
                4
            ]
        }
    },
    {
        "model": "LoginApp.ficha",
        "pk": 5,
        "fields": {
            "num_ficha": 2271026,
            "instructores": [
                6
            ]
        }
    },
    {
        "model": "LoginApp.ficha",
        "pk": 6,
        "fields": {
            "num_ficha": 2271027,
            "instructores": [
                7
            ]
        }
    },
    {
        "model": "LoginApp.ficha",
        "pk": 7,
        "fields": {
            "num_ficha": 2271028,
            "instructores": [
                3
            ]
        }
    },
    {
        "model": "LoginApp.ficha",
        "pk": 8,
        "fields": {
            "num_ficha": 3197815,
            "instructores": [
                44
            ]
        }
    },
    {
        "model": "LoginApp.ficha",
        "pk": 9,
        "fields": {
            "num_ficha": 3197833,
            "instructores": [
                44
            ]
        }
    },
    {
        "model": "LoginApp.ficha",
        "pk": 11,
        "fields": {
            "num_ficha": 3178657,
            "instructores": [
                4
            ]
        }
    },
    {
        "model": "LoginApp.ficha",
        "pk": 14,
        "fields": {
            "num_ficha": 3197856,
            "instructores": [
                44,
                6
            ]
        }
    },
    {
        "model": "LoginApp.ficha",
        "pk": 15,
        "fields": {
            "num_ficha": 3187960,
            "instructores": [
                72
            ]
        }
    },
    {
        "model": "LoginApp.ficha",
        "pk": 16,
        "fields": {
            "num_ficha": 3202357,
            "instructores": [
                72,
                44
            ]
        }
    },
    {
        "model": "LoginApp.ficha",
        "pk": 17,
        "fields": {
            "num_ficha": 3228913,
            "instructores": [
                72,
                44
            ]
        }
    },
    {
        "model": "LoginApp.guardaseguridad",
        "pk": 8,
        "fields": {
            "turno": "Mañana",
            "fecha_ingreso": "2020-07-01",
            "estado": "Activo"
        }
    },
    {
        "model": "LoginApp.guardaseguridad",
        "pk": 9,
        "fields": {
            "turno": "Tarde",
            "fecha_ingreso": "2019-11-01",
            "estado": "Activo"
        }
    },
    {
        "model": "LoginApp.guardaseguridad",
        "pk": 10,
        "fields": {
            "turno": "Noche",
            "fecha_ingreso": "2021-02-15",
            "estado": "Activo"
        }
    },
    {
        "model": "LoginApp.guardaseguridad",
        "pk": 46,
        "fields": {
            "turno": "Mañana",
            "fecha_ingreso": "2025-12-10",
            "estado": "Activo"
        }
    },
    {
        "model": "LoginApp.historicoincidentes",
        "pk": 7,
        "fields": {
            "incidente": 18,
            "ambiente": 5,
            "tipo_incidente": 2,
            "descripcion": "Se daño un equipo en plena formación, ya se aviso a coordinación",
            "fecha_registro": "2026-04-06T19:29:25Z"
        }
    },
    {
        "model": "LoginApp.historicoincidentes",
        "pk": 8,
        "fields": {
            "incidente": 19,
            "ambiente": 6,
            "tipo_incidente": 1,
            "descripcion": "Se quemo la toma del ambiente, impidiendo que los computadores tengan energía y posibilitando daños en los equipos",
            "fecha_registro": "2026-04-07T19:14:53Z"
        }
    },
    {
        "model": "LoginApp.historicoincidentes",
        "pk": 9,
        "fields": {
            "incidente": 20,
            "ambiente": 4,
            "tipo_incidente": 3,
            "descripcion": "Se fue el internet en varios equipos del ambiente 201",
            "fecha_registro": "2026-04-07T19:15:43Z"
        }
    },
    {
        "model": "LoginApp.historicoincidentes",
        "pk": 11,
        "fields": {
            "incidente": 20,
            "ambiente": 4,
            "tipo_incidente": 3,
            "descripcion": "Cambio de estado: 'ABIERTO' → 'En Proceso'. Nota: Se esta realizando la reconexion en el ambiente 201",
            "fecha_registro": "2026-06-15T00:35:09Z"
        }
    },
    {
        "model": "LoginApp.historicoincidentes",
        "pk": 12,
        "fields": {
            "incidente": 20,
            "ambiente": 4,
            "tipo_incidente": 3,
            "descripcion": "Cambio de estado: 'En Proceso' → 'Cerrado'",
            "fecha_registro": "2026-06-15T19:43:22Z"
        }
    },
    {
        "model": "LoginApp.historicoincidentes",
        "pk": 13,
        "fields": {
            "incidente": 19,
            "ambiente": 6,
            "tipo_incidente": 1,
            "descripcion": "Cambio de estado: 'ABIERTO' → 'En Proceso'. Nota: Se esta haciendo el cambio de instalacion",
            "fecha_registro": "2026-06-15T19:46:05Z"
        }
    },
    {
        "model": "LoginApp.historicoincidentes",
        "pk": 14,
        "fields": {
            "incidente": 19,
            "ambiente": 6,
            "tipo_incidente": 1,
            "descripcion": "Nota de seguimiento: Los técnicos están haciendo pruebas de que la instalación funcione",
            "fecha_registro": "2026-06-15T20:00:18Z"
        }
    },
    {
        "model": "LoginApp.instructor",
        "pk": 1,
        "fields": {
            "email": "carlos.rodriguez@sena.edu.co",
            "telefono": "3224352644",
            "coordinacion_id_coordinacion": 1,
            "estado": "Activo"
        }
    },
    {
        "model": "LoginApp.instructor",
        "pk": 3,
        "fields": {
            "email": "juan.perez@sena.edu.co",
            "telefono": "3001112233",
            "coordinacion_id_coordinacion": 1,
            "estado": "Activo"
        }
    },
    {
        "model": "LoginApp.instructor",
        "pk": 4,
        "fields": {
            "email": "maria.lopez@sena.edu.co",
            "telefono": "3012223344",
            "coordinacion_id_coordinacion": 2,
            "estado": "Activo"
        }
    },
    {
        "model": "LoginApp.instructor",
        "pk": 5,
        "fields": {
            "email": "pedro.martinez@sena.edu.co",
            "telefono": "3023334455",
            "coordinacion_id_coordinacion": 3,
            "estado": "Activo"
        }
    },
    {
        "model": "LoginApp.instructor",
        "pk": 6,
        "fields": {
            "email": "laura.torres@sena.edu.co",
            "telefono": "3034445566",
            "coordinacion_id_coordinacion": 4,
            "estado": "Activo"
        }
    },
    {
        "model": "LoginApp.instructor",
        "pk": 7,
        "fields": {
            "email": "diego.ramirez@sena.edu.co",
            "telefono": "3045556677",
            "coordinacion_id_coordinacion": 5,
            "estado": "Activo"
        }
    },
    {
        "model": "LoginApp.instructor",
        "pk": 44,
        "fields": {
            "email": "instructor@gmail.com",
            "telefono": "3232302010",
            "coordinacion_id_coordinacion": 1,
            "estado": "Activo"
        }
    },
    {
        "model": "LoginApp.instructor",
        "pk": 69,
        "fields": {
            "email": "jorge.bermudez@sena.edu.co",
            "telefono": "3214567890",
            "coordinacion_id_coordinacion": 2,
            "estado": "activo"
        }
    },
    {
        "model": "LoginApp.instructor",
        "pk": 70,
        "fields": {
            "email": "adriana.guerrero@sena.edu.co",
            "telefono": "3017894561",
            "coordinacion_id_coordinacion": 4,
            "estado": "activo"
        }
    },
    {
        "model": "LoginApp.instructor",
        "pk": 72,
        "fields": {
            "email": "sicesoft@outlook.com",
            "telefono": "3114509550",
            "coordinacion_id_coordinacion": 1,
            "estado": "Activo"
        }
    },
    {
        "model": "LoginApp.jornada",
        "pk": 1,
        "fields": {
            "nombre_jornada": "Mañana"
        }
    },
    {
        "model": "LoginApp.jornada",
        "pk": 2,
        "fields": {
            "nombre_jornada": "Tarde"
        }
    },
    {
        "model": "LoginApp.jornada",
        "pk": 3,
        "fields": {
            "nombre_jornada": "Noche"
        }
    },
    {
        "model": "LoginApp.modalidad",
        "pk": 1,
        "fields": {
            "nombre_modalidad": "Presencial"
        }
    },
    {
        "model": "LoginApp.modalidad",
        "pk": 2,
        "fields": {
            "nombre_modalidad": "sincronica"
        }
    },
    {
        "model": "LoginApp.programas",
        "pk": 1,
        "fields": {
            "nombre_programa": "Análisis y Desarrollo de Software",
            "nivel_formacion": "Tecnólogo",
            "duracion": "24 meses",
            "jornada": 1,
            "modalidad": 2,
            "coordinacion": 1
        }
    },
    {
        "model": "LoginApp.programas",
        "pk": 2,
        "fields": {
            "nombre_programa": "Diseño Gráfico Publicitario",
            "nivel_formacion": "Técnico",
            "duracion": "18 meses",
            "jornada": 2,
            "modalidad": 1,
            "coordinacion": 2
        }
    },
    {
        "model": "LoginApp.programas",
        "pk": 3,
        "fields": {
            "nombre_programa": "Gestión Logística",
            "nivel_formacion": "Tecnólogo",
            "duracion": "24 meses",
            "jornada": 3,
            "modalidad": 2,
            "coordinacion": 3
        }
    },
    {
        "model": "LoginApp.programas",
        "pk": 4,
        "fields": {
            "nombre_programa": "Contabilidad y Finanzas",
            "nivel_formacion": "Tecnólogo",
            "duracion": "24 meses",
            "jornada": 1,
            "modalidad": 1,
            "coordinacion": 1
        }
    },
    {
        "model": "LoginApp.programas",
        "pk": 5,
        "fields": {
            "nombre_programa": "Multimedia",
            "nivel_formacion": "Técnico",
            "duracion": "18 meses",
            "jornada": 2,
            "modalidad": 2,
            "coordinacion": 2
        }
    },
    {
        "model": "LoginApp.programas",
        "pk": 6,
        "fields": {
            "nombre_programa": "Auxiliar en Enfermería",
            "nivel_formacion": "Técnico",
            "duracion": "18 meses",
            "jornada": 1,
            "modalidad": 1,
            "coordinacion": 4
        }
    },
    {
        "model": "LoginApp.programas",
        "pk": 7,
        "fields": {
            "nombre_programa": "Mecánica Industrial",
            "nivel_formacion": "Tecnólogo",
            "duracion": "24 meses",
            "jornada": 2,
            "modalidad": 1,
            "coordinacion": 5
        }
    },
    {
        "model": "LoginApp.programas",
        "pk": 8,
        "fields": {
            "nombre_programa": "Desarrollo Web",
            "nivel_formacion": "Especialización",
            "duracion": "6 meses",
            "jornada": 3,
            "modalidad": 2,
            "coordinacion": 1
        }
    },
    {
        "model": "LoginApp.programas",
        "pk": 9,
        "fields": {
            "nombre_programa": "Gastronomia",
            "nivel_formacion": "Tecnico",
            "duracion": "12 meses",
            "jornada": 1,
            "modalidad": 1,
            "coordinacion": 4
        }
    },
    {
        "model": "LoginApp.recursos",
        "pk": 1,
        "fields": {
            "serial_recurso": "PC-LAB-001",
            "num_recurso": 1,
            "nombre_recurso": "Computador Dell OptiPlex 1",
            "tipo_recurso": 1,
            "estado": "Disponible",
            "observacion": "Funcionando correctamente",
            "ambiente": 2
        }
    },
    {
        "model": "LoginApp.recursos",
        "pk": 2,
        "fields": {
            "serial_recurso": "PC-LAB-002",
            "num_recurso": 2,
            "nombre_recurso": "Computador Dell OptiPlex 2",
            "tipo_recurso": 1,
            "estado": "Disponible",
            "observacion": "Funcionando correctamente",
            "ambiente": 3
        }
    },
    {
        "model": "LoginApp.recursos",
        "pk": 3,
        "fields": {
            "serial_recurso": "PC-LAB-003",
            "num_recurso": 3,
            "nombre_recurso": "Computador Dell OptiPlex 3",
            "tipo_recurso": 1,
            "estado": "Dañado",
            "observacion": "Necesita mantenimiento",
            "ambiente": 3
        }
    },
    {
        "model": "LoginApp.recursos",
        "pk": 4,
        "fields": {
            "serial_recurso": "PROY-AUL-001",
            "num_recurso": 1,
            "nombre_recurso": "Proyector Epson PowerLite",
            "tipo_recurso": 2,
            "estado": "Disponible",
            "observacion": "Funcionando correctamente",
            "ambiente": 3
        }
    },
    {
        "model": "LoginApp.recursos",
        "pk": 5,
        "fields": {
            "serial_recurso": "PROY-AUL-002",
            "num_recurso": 2,
            "nombre_recurso": "Proyector BenL MS524",
            "tipo_recurso": 2,
            "estado": "En mantenimiento",
            "observacion": "Toma por cambiar",
            "ambiente": 5
        }
    },
    {
        "model": "LoginApp.recursos",
        "pk": 6,
        "fields": {
            "serial_recurso": "IMPR-ADM-001",
            "num_recurso": 1,
            "nombre_recurso": "Impresora HP LaserJet Pro",
            "tipo_recurso": 3,
            "estado": "Disponible",
            "observacion": "Funcionando correctamente",
            "ambiente": 7
        }
    },
    {
        "model": "LoginApp.recursos",
        "pk": 7,
        "fields": {
            "serial_recurso": "IMPR-ADM-002",
            "num_recurso": 2,
            "nombre_recurso": "Impresora Canon Pixma",
            "tipo_recurso": 3,
            "estado": "Dañado",
            "observacion": "Necesita tinta",
            "ambiente": 7
        }
    },
    {
        "model": "LoginApp.recursos",
        "pk": 8,
        "fields": {
            "serial_recurso": "SILLA-101-01",
            "num_recurso": 1,
            "nombre_recurso": "Silla Ergonómica Azul",
            "tipo_recurso": 4,
            "estado": "Disponible",
            "observacion": "Buen estado",
            "ambiente": 8
        }
    },
    {
        "model": "LoginApp.recursos",
        "pk": 9,
        "fields": {
            "serial_recurso": "MESA-101-01",
            "num_recurso": 1,
            "nombre_recurso": "Mesa de Trabajo Madera",
            "tipo_recurso": 4,
            "estado": "Disponible",
            "observacion": "Rayones menores",
            "ambiente": 9
        }
    },
    {
        "model": "LoginApp.recursos",
        "pk": 10,
        "fields": {
            "serial_recurso": "MART-501-01",
            "num_recurso": 1,
            "nombre_recurso": "Martillo de Carpintero",
            "tipo_recurso": 5,
            "estado": "Disponible",
            "observacion": "Buen estado",
            "ambiente": 10
        }
    },
    {
        "model": "LoginApp.recursos",
        "pk": 11,
        "fields": {
            "serial_recurso": "SOLD-502-01",
            "num_recurso": 1,
            "nombre_recurso": "Soldador Eléctrico 110V",
            "tipo_recurso": 5,
            "estado": "Disponible",
            "observacion": "Funcionando correctamente",
            "ambiente": 1
        }
    },
    {
        "model": "LoginApp.recursos",
        "pk": 12,
        "fields": {
            "serial_recurso": "SPEAK-201-01",
            "num_recurso": 1,
            "nombre_recurso": "Parlantes Logitech Z313",
            "tipo_recurso": 6,
            "estado": "Disponible",
            "observacion": "Funcionando correctamente",
            "ambiente": 2
        }
    },
    {
        "model": "LoginApp.recursos",
        "pk": 13,
        "fields": {
            "serial_recurso": "MIC-201-01",
            "num_recurso": 1,
            "nombre_recurso": "Micrófono Audio-Technica",
            "tipo_recurso": 6,
            "estado": "Dañado",
            "observacion": "Cable defectuoso",
            "ambiente": 1
        }
    },
    {
        "model": "LoginApp.recursos",
        "pk": 14,
        "fields": {
            "serial_recurso": "SWITCH-102-01",
            "num_recurso": 1,
            "nombre_recurso": "Switch Cisco 24 puertos",
            "tipo_recurso": 7,
            "estado": "Disponible",
            "observacion": "Funcionando correctamente",
            "ambiente": 2
        }
    },
    {
        "model": "LoginApp.recursos",
        "pk": 15,
        "fields": {
            "serial_recurso": "ROUTER-ADM-01",
            "num_recurso": 1,
            "nombre_recurso": "Router TP-Link AC1750",
            "tipo_recurso": 7,
            "estado": "Disponible",
            "observacion": "Funcionando correctamente",
            "ambiente": 3
        }
    },
    {
        "model": "LoginApp.registroinasistencia",
        "pk": 1,
        "fields": {
            "fecha_inasistencia": "2024-06-10",
            "estado_inasistencia": "S",
            "jornada": 1,
            "aprendiz_usuario_id_usuario": 11,
            "instructor_usuario_id_usuario": 3,
            "tipo_inasistencia": null
        }
    },
    {
        "model": "LoginApp.registroinasistencia",
        "pk": 2,
        "fields": {
            "fecha_inasistencia": "2024-06-10",
            "estado_inasistencia": "S",
            "jornada": 1,
            "aprendiz_usuario_id_usuario": 12,
            "instructor_usuario_id_usuario": 3,
            "tipo_inasistencia": null
        }
    },
    {
        "model": "LoginApp.registroinasistencia",
        "pk": 3,
        "fields": {
            "fecha_inasistencia": "2024-06-10",
            "estado_inasistencia": "R",
            "jornada": 2,
            "aprendiz_usuario_id_usuario": 13,
            "instructor_usuario_id_usuario": 4,
            "tipo_inasistencia": null
        }
    },
    {
        "model": "LoginApp.registroinasistencia",
        "pk": 4,
        "fields": {
            "fecha_inasistencia": "2024-06-10",
            "estado_inasistencia": "S",
            "jornada": 2,
            "aprendiz_usuario_id_usuario": 14,
            "instructor_usuario_id_usuario": 4,
            "tipo_inasistencia": null
        }
    },
    {
        "model": "LoginApp.registroinasistencia",
        "pk": 5,
        "fields": {
            "fecha_inasistencia": "2024-06-10",
            "estado_inasistencia": "S",
            "jornada": 3,
            "aprendiz_usuario_id_usuario": 15,
            "instructor_usuario_id_usuario": 5,
            "tipo_inasistencia": null
        }
    },
    {
        "model": "LoginApp.registroinasistencia",
        "pk": 6,
        "fields": {
            "fecha_inasistencia": "2024-06-11",
            "estado_inasistencia": "S",
            "jornada": 1,
            "aprendiz_usuario_id_usuario": 11,
            "instructor_usuario_id_usuario": 3,
            "tipo_inasistencia": null
        }
    },
    {
        "model": "LoginApp.registroinasistencia",
        "pk": 7,
        "fields": {
            "fecha_inasistencia": "2024-06-11",
            "estado_inasistencia": "R",
            "jornada": 1,
            "aprendiz_usuario_id_usuario": 12,
            "instructor_usuario_id_usuario": 3,
            "tipo_inasistencia": null
        }
    },
    {
        "model": "LoginApp.registroinasistencia",
        "pk": 8,
        "fields": {
            "fecha_inasistencia": "2024-06-11",
            "estado_inasistencia": "S",
            "jornada": 2,
            "aprendiz_usuario_id_usuario": 13,
            "instructor_usuario_id_usuario": 4,
            "tipo_inasistencia": null
        }
    },
    {
        "model": "LoginApp.registroinasistencia",
        "pk": 9,
        "fields": {
            "fecha_inasistencia": "2024-06-11",
            "estado_inasistencia": "S",
            "jornada": 2,
            "aprendiz_usuario_id_usuario": 14,
            "instructor_usuario_id_usuario": 4,
            "tipo_inasistencia": null
        }
    },
    {
        "model": "LoginApp.registroinasistencia",
        "pk": 10,
        "fields": {
            "fecha_inasistencia": "2024-06-11",
            "estado_inasistencia": "N",
            "jornada": 3,
            "aprendiz_usuario_id_usuario": 15,
            "instructor_usuario_id_usuario": 5,
            "tipo_inasistencia": null
        }
    },
    {
        "model": "LoginApp.registroinasistencia",
        "pk": 12,
        "fields": {
            "fecha_inasistencia": "2025-12-10",
            "estado_inasistencia": "N",
            "jornada": 2,
            "aprendiz_usuario_id_usuario": 45,
            "instructor_usuario_id_usuario": 44,
            "tipo_inasistencia": null
        }
    },
    {
        "model": "LoginApp.registroinasistencia",
        "pk": 17,
        "fields": {
            "fecha_inasistencia": "2026-04-08",
            "estado_inasistencia": "N",
            "jornada": 1,
            "aprendiz_usuario_id_usuario": 42,
            "instructor_usuario_id_usuario": 44,
            "tipo_inasistencia": null
        }
    },
    {
        "model": "LoginApp.registroinasistencia",
        "pk": 18,
        "fields": {
            "fecha_inasistencia": "2026-06-14",
            "estado_inasistencia": "",
            "jornada": 1,
            "aprendiz_usuario_id_usuario": 66,
            "instructor_usuario_id_usuario": 44,
            "tipo_inasistencia": "Justificada"
        }
    },
    {
        "model": "LoginApp.registroinasistencia",
        "pk": 21,
        "fields": {
            "fecha_inasistencia": "2026-06-15",
            "estado_inasistencia": "J",
            "jornada": 2,
            "aprendiz_usuario_id_usuario": 73,
            "instructor_usuario_id_usuario": 72,
            "tipo_inasistencia": "Justificada"
        }
    },
    {
        "model": "LoginApp.registroinasistencia",
        "pk": 22,
        "fields": {
            "fecha_inasistencia": "2026-06-17",
            "estado_inasistencia": "J",
            "jornada": 1,
            "aprendiz_usuario_id_usuario": 74,
            "instructor_usuario_id_usuario": 72,
            "tipo_inasistencia": "Justificada"
        }
    },
    {
        "model": "LoginApp.registroinasistencia",
        "pk": 23,
        "fields": {
            "fecha_inasistencia": "2026-06-17",
            "estado_inasistencia": "N",
            "jornada": 3,
            "aprendiz_usuario_id_usuario": 80,
            "instructor_usuario_id_usuario": 44,
            "tipo_inasistencia": "No justificada"
        }
    },
    {
        "model": "LoginApp.registroinasistencia",
        "pk": 24,
        "fields": {
            "fecha_inasistencia": "2026-06-17",
            "estado_inasistencia": "N",
            "jornada": 3,
            "aprendiz_usuario_id_usuario": 80,
            "instructor_usuario_id_usuario": 72,
            "tipo_inasistencia": "No justificada"
        }
    },
    {
        "model": "LoginApp.registroinasistencia",
        "pk": 26,
        "fields": {
            "fecha_inasistencia": "2026-06-18",
            "estado_inasistencia": "N",
            "jornada": 3,
            "aprendiz_usuario_id_usuario": 66,
            "instructor_usuario_id_usuario": 44,
            "tipo_inasistencia": "No justificada"
        }
    },
    {
        "model": "LoginApp.registroincidente",
        "pk": 1,
        "fields": {
            "descripcion": "Cortocircuito en tomacorriente principal del laboratorio",
            "fecha_incidente": "2024-06-10",
            "hora_incidente": "09:30:00",
            "ambiente": 2,
            "tipo_inc": 1,
            "nivel_gravedad": "Medio",
            "usuario_id_usuario": 3,
            "estado": "ABIERTO"
        }
    },
    {
        "model": "LoginApp.registroincidente",
        "pk": 2,
        "fields": {
            "descripcion": "Monitor del computador PC-LAB-003 no enciende",
            "fecha_incidente": "2024-06-11",
            "hora_incidente": "14:00:00",
            "ambiente": 2,
            "tipo_inc": 2,
            "nivel_gravedad": "Medio",
            "usuario_id_usuario": 3,
            "estado": "ABIERTO"
        }
    },
    {
        "model": "LoginApp.registroincidente",
        "pk": 3,
        "fields": {
            "descripcion": "Fallo total de internet en el taller de diseño",
            "fecha_incidente": "2024-06-12",
            "hora_incidente": "10:15:00",
            "ambiente": 4,
            "tipo_inc": 3,
            "nivel_gravedad": "Medio",
            "usuario_id_usuario": 4,
            "estado": "ABIERTO"
        }
    },
    {
        "model": "LoginApp.registroincidente",
        "pk": 4,
        "fields": {
            "descripcion": "Pata de silla SILLA-101-01 presenta grieta",
            "fecha_incidente": "2024-06-13",
            "hora_incidente": "11:45:00",
            "ambiente": 1,
            "tipo_inc": 4,
            "nivel_gravedad": "Medio",
            "usuario_id_usuario": 4,
            "estado": "ABIERTO"
        }
    },
    {
        "model": "LoginApp.registroincidente",
        "pk": 5,
        "fields": {
            "descripcion": "Estudiante presentó desmayo durante práctica",
            "fecha_incidente": "2024-06-14",
            "hora_incidente": "08:00:00",
            "ambiente": 7,
            "tipo_inc": 5,
            "nivel_gravedad": "Medio",
            "usuario_id_usuario": 5,
            "estado": "ABIERTO"
        }
    },
    {
        "model": "LoginApp.registroincidente",
        "pk": 6,
        "fields": {
            "descripcion": "Acceso no autorizado detectado en laboratorio",
            "fecha_incidente": "2024-06-15",
            "hora_incidente": "22:30:00",
            "ambiente": 2,
            "tipo_inc": 6,
            "nivel_gravedad": "Medio",
            "usuario_id_usuario": 6,
            "estado": "ABIERTO"
        }
    },
    {
        "model": "LoginApp.registroincidente",
        "pk": 7,
        "fields": {
            "descripcion": "Proyector PROY-AUL-002 se apaga automáticamente",
            "fecha_incidente": "2024-06-16",
            "hora_incidente": "15:20:00",
            "ambiente": 4,
            "tipo_inc": 2,
            "nivel_gravedad": "Medio",
            "usuario_id_usuario": 7,
            "estado": "ABIERTO"
        }
    },
    {
        "model": "LoginApp.registroincidente",
        "pk": 8,
        "fields": {
            "descripcion": "Fuga de agua en el taller de soldadura",
            "fecha_incidente": "2024-06-17",
            "hora_incidente": "07:45:00",
            "ambiente": 10,
            "tipo_inc": 1,
            "nivel_gravedad": "Medio",
            "usuario_id_usuario": 8,
            "estado": "ABIERTO"
        }
    },
    {
        "model": "LoginApp.registroincidente",
        "pk": 18,
        "fields": {
            "descripcion": "Se daño un equipo en plena formación, ya se aviso a mantenimiento",
            "fecha_incidente": "2026-04-06",
            "hora_incidente": "19:28:00",
            "ambiente": 7,
            "tipo_inc": 2,
            "nivel_gravedad": "Medio",
            "usuario_id_usuario": 44,
            "estado": "ABIERTO"
        }
    },
    {
        "model": "LoginApp.registroincidente",
        "pk": 19,
        "fields": {
            "descripcion": "Se quemo la toma del ambiente, impidiendo que los computadores tengan energía y posibilitando daños en los equipos",
            "fecha_incidente": "2026-04-07",
            "hora_incidente": "19:13:00",
            "ambiente": 6,
            "tipo_inc": 1,
            "nivel_gravedad": "Alto",
            "usuario_id_usuario": 44,
            "estado": "En Proceso"
        }
    },
    {
        "model": "LoginApp.registroincidente",
        "pk": 20,
        "fields": {
            "descripcion": "Se fue el internet en varios equipos del ambiente 201",
            "fecha_incidente": "2026-04-07",
            "hora_incidente": "19:15:00",
            "ambiente": 4,
            "tipo_inc": 3,
            "nivel_gravedad": "Bajo",
            "usuario_id_usuario": 44,
            "estado": "Cerrado"
        }
    },
    {
        "model": "LoginApp.registrominuta",
        "pk": 1,
        "fields": {
            "fecha_hora_recibo": "2024-06-15T07:00:00Z",
            "fecha_hora_entrega": "2024-06-15T13:00:00Z",
            "novedad": "Entrega normal del ambiente, sin novedades",
            "descripcion_min": "Recibo y entrega de ambiente 101 sin incidentes",
            "estado": "Disponible",
            "ambiente": 1,
            "guarda_seguridad_usuario_id_usuario": 8,
            "responsable": 3,
            "registro_minutacol": null
        }
    },
    {
        "model": "LoginApp.registrominuta",
        "pk": 2,
        "fields": {
            "fecha_hora_recibo": "2024-06-15T13:00:00Z",
            "fecha_hora_entrega": "2024-06-15T19:00:00Z",
            "novedad": "Se reporta problema de conectividad en diseño",
            "descripcion_min": "Ambiente 201 presenta fallas de red intermitentes",
            "estado": "Disponible",
            "ambiente": 4,
            "guarda_seguridad_usuario_id_usuario": 9,
            "responsable": 4,
            "registro_minutacol": null
        }
    },
    {
        "model": "LoginApp.registrominuta",
        "pk": 3,
        "fields": {
            "fecha_hora_recibo": "2024-06-15T19:00:00Z",
            "fecha_hora_entrega": "2024-06-16T07:00:00Z",
            "novedad": "Ronda nocturna sin incidentes",
            "descripcion_min": "Verificación de seguridad en todos los ambientes",
            "estado": "Disponible",
            "ambiente": 2,
            "guarda_seguridad_usuario_id_usuario": 10,
            "responsable": 5,
            "registro_minutacol": null
        }
    },
    {
        "model": "LoginApp.registrominuta",
        "pk": 4,
        "fields": {
            "fecha_hora_recibo": "2024-06-16T07:00:00Z",
            "fecha_hora_entrega": "2024-06-16T13:00:00Z",
            "novedad": "Reporte de equipo dañado en laboratorio",
            "descripcion_min": "PC-LAB-003 presenta falla en monitor",
            "estado": "Disponible",
            "ambiente": 2,
            "guarda_seguridad_usuario_id_usuario": 8,
            "responsable": 6,
            "registro_minutacol": null
        }
    },
    {
        "model": "LoginApp.registrominuta",
        "pk": 5,
        "fields": {
            "fecha_hora_recibo": "2024-06-16T13:00:00Z",
            "fecha_hora_entrega": "2024-06-16T19:00:00Z",
            "novedad": "Mantenimiento preventivo realizado",
            "descripcion_min": "Limpieza y verificación de equipos en taller mecánica",
            "estado": "Disponible",
            "ambiente": 9,
            "guarda_seguridad_usuario_id_usuario": 9,
            "responsable": 7,
            "registro_minutacol": null
        }
    },
    {
        "model": "LoginApp.registrominuta",
        "pk": 6,
        "fields": {
            "fecha_hora_recibo": "2024-06-17T07:00:00Z",
            "fecha_hora_entrega": "2024-06-17T13:00:00Z",
            "novedad": "Emergencia médica atendida satisfactoriamente",
            "descripcion_min": "Estudiante atendido por desmayo, trasladado a enfermería",
            "estado": "Disponible",
            "ambiente": 7,
            "guarda_seguridad_usuario_id_usuario": 8,
            "responsable": 3,
            "registro_minutacol": null
        }
    },
    {
        "model": "LoginApp.registrominuta",
        "pk": 8,
        "fields": {
            "fecha_hora_recibo": "2025-12-11T21:44:00Z",
            "fecha_hora_entrega": "2025-12-11T21:46:00Z",
            "novedad": "Ninguna",
            "descripcion_min": "Todo correcto",
            "estado": "Disponible",
            "ambiente": 1,
            "guarda_seguridad_usuario_id_usuario": 46,
            "responsable": 44,
            "registro_minutacol": null
        }
    },
    {
        "model": "LoginApp.registrominuta",
        "pk": 9,
        "fields": {
            "fecha_hora_recibo": "2025-12-11T21:48:00Z",
            "fecha_hora_entrega": "2025-12-11T21:50:00Z",
            "novedad": "Todo bien",
            "descripcion_min": "Normal",
            "estado": "Disponible",
            "ambiente": 1,
            "guarda_seguridad_usuario_id_usuario": 46,
            "responsable": 44,
            "registro_minutacol": null
        }
    },
    {
        "model": "LoginApp.registrominuta",
        "pk": 10,
        "fields": {
            "fecha_hora_recibo": "2025-12-12T02:43:00Z",
            "fecha_hora_entrega": "2025-12-12T02:45:00Z",
            "novedad": "Nada nuevo\r\n",
            "descripcion_min": "Todo correcto",
            "estado": "Disponible",
            "ambiente": 1,
            "guarda_seguridad_usuario_id_usuario": 46,
            "responsable": 44,
            "registro_minutacol": null
        }
    },
    {
        "model": "LoginApp.registrominuta",
        "pk": 13,
        "fields": {
            "fecha_hora_recibo": "2025-12-12T11:51:00Z",
            "fecha_hora_entrega": "2025-12-12T11:54:00Z",
            "novedad": "Nuevo ambiente ",
            "descripcion_min": "apertura de ambiente",
            "estado": "Disponible",
            "ambiente": 3,
            "guarda_seguridad_usuario_id_usuario": 46,
            "responsable": 7,
            "registro_minutacol": null
        }
    },
    {
        "model": "LoginApp.registrominuta",
        "pk": 15,
        "fields": {
            "fecha_hora_recibo": "2026-04-07T00:54:00Z",
            "fecha_hora_entrega": "2026-04-07T03:54:00Z",
            "novedad": "Se abre el ambiente 301",
            "descripcion_min": "El instructor solicita apertura de ambiente 301",
            "estado": "Disponible",
            "ambiente": 6,
            "guarda_seguridad_usuario_id_usuario": 46,
            "responsable": 44,
            "registro_minutacol": null
        }
    },
    {
        "model": "LoginApp.registrominuta",
        "pk": 16,
        "fields": {
            "fecha_hora_recibo": "2026-04-08T09:53:00Z",
            "fecha_hora_entrega": "2026-04-08T11:53:00Z",
            "novedad": "n",
            "descripcion_min": "Aula en clase",
            "estado": "Disponible",
            "ambiente": 4,
            "guarda_seguridad_usuario_id_usuario": 46,
            "responsable": 7,
            "registro_minutacol": null
        }
    },
    {
        "model": "LoginApp.registrominuta",
        "pk": 17,
        "fields": {
            "fecha_hora_recibo": "2026-06-15T03:33:04Z",
            "fecha_hora_entrega": "2026-06-14T21:33:00Z",
            "novedad": "Se abre el ambiente 202",
            "descripcion_min": "Ninguna novedad",
            "estado": "Disponible",
            "ambiente": 5,
            "guarda_seguridad_usuario_id_usuario": 46,
            "responsable": 44,
            "registro_minutacol": null
        }
    },
    {
        "model": "LoginApp.registrominuta",
        "pk": 18,
        "fields": {
            "fecha_hora_recibo": "2026-06-15T18:22:00Z",
            "fecha_hora_entrega": "2026-06-15T18:25:00Z",
            "novedad": "Ninguna",
            "descripcion_min": "Todo correcto",
            "estado": "Disponible",
            "ambiente": 7,
            "guarda_seguridad_usuario_id_usuario": 46,
            "responsable": 44,
            "registro_minutacol": null
        }
    },
    {
        "model": "LoginApp.registrominuta",
        "pk": 19,
        "fields": {
            "fecha_hora_recibo": "2026-06-15T18:52:00Z",
            "fecha_hora_entrega": "2026-06-15T18:55:00Z",
            "novedad": "Ninguna",
            "descripcion_min": "Todo correcto",
            "estado": "Disponible",
            "ambiente": 5,
            "guarda_seguridad_usuario_id_usuario": 46,
            "responsable": 44,
            "registro_minutacol": null
        }
    },
    {
        "model": "LoginApp.registrominuta",
        "pk": 20,
        "fields": {
            "fecha_hora_recibo": "2026-06-15T19:13:00Z",
            "fecha_hora_entrega": "2026-06-15T19:16:00Z",
            "novedad": "Ninguna",
            "descripcion_min": "Todo correcto",
            "estado": "Disponible",
            "ambiente": 1,
            "guarda_seguridad_usuario_id_usuario": 46,
            "responsable": 4,
            "registro_minutacol": null
        }
    },
    {
        "model": "LoginApp.registrominuta",
        "pk": 21,
        "fields": {
            "fecha_hora_recibo": "2026-06-15T20:39:00Z",
            "fecha_hora_entrega": "2026-06-15T20:45:00Z",
            "novedad": "Ninguna",
            "descripcion_min": "Nada",
            "estado": "Disponible",
            "ambiente": 7,
            "guarda_seguridad_usuario_id_usuario": 46,
            "responsable": 44,
            "registro_minutacol": null
        }
    },
    {
        "model": "LoginApp.rol",
        "pk": 1,
        "fields": {
            "nombre_rol": "Administrador"
        }
    },
    {
        "model": "LoginApp.rol",
        "pk": 2,
        "fields": {
            "nombre_rol": "Instructor"
        }
    },
    {
        "model": "LoginApp.rol",
        "pk": 3,
        "fields": {
            "nombre_rol": "Aprendiz"
        }
    },
    {
        "model": "LoginApp.rol",
        "pk": 4,
        "fields": {
            "nombre_rol": "Guarda de Seguridad"
        }
    },
    {
        "model": "LoginApp.tipoincidente",
        "pk": 1,
        "fields": {
            "tipo_incidente": "Falla Eléctrica",
            "observacion_inc": "Problemas con el suministro de energía"
        }
    },
    {
        "model": "LoginApp.tipoincidente",
        "pk": 2,
        "fields": {
            "tipo_incidente": "Daño de Equipo",
            "observacion_inc": "Equipo de cómputo defectuoso"
        }
    },
    {
        "model": "LoginApp.tipoincidente",
        "pk": 3,
        "fields": {
            "tipo_incidente": "Problema de Conectividad",
            "observacion_inc": "Fallo en la red de internet"
        }
    },
    {
        "model": "LoginApp.tipoincidente",
        "pk": 4,
        "fields": {
            "tipo_incidente": "Falla de Mobiliario",
            "observacion_inc": "Silla o mesa rota"
        }
    },
    {
        "model": "LoginApp.tipoincidente",
        "pk": 5,
        "fields": {
            "tipo_incidente": "Emergencia Médica",
            "observacion_inc": "Situación de salud de un aprendiz o instructor"
        }
    },
    {
        "model": "LoginApp.tipoincidente",
        "pk": 6,
        "fields": {
            "tipo_incidente": "Problema de Seguridad",
            "observacion_inc": "Incidentes relacionados con la seguridad del centro"
        }
    },
    {
        "model": "LoginApp.tiporecurso",
        "pk": 1,
        "fields": {
            "recurso_tipo": "Computador",
            "descripcion_tipo": "Equipo informático de escritorio"
        }
    },
    {
        "model": "LoginApp.tiporecurso",
        "pk": 2,
        "fields": {
            "recurso_tipo": "Proyector",
            "descripcion_tipo": "Equipo para proyección de imágenes"
        }
    },
    {
        "model": "LoginApp.tiporecurso",
        "pk": 3,
        "fields": {
            "recurso_tipo": "Impresora",
            "descripcion_tipo": "Dispositivo para imprimir documentos"
        }
    },
    {
        "model": "LoginApp.tiporecurso",
        "pk": 4,
        "fields": {
            "recurso_tipo": "Mobiliario",
            "descripcion_tipo": "Sillas, mesas, armarios"
        }
    },
    {
        "model": "LoginApp.tiporecurso",
        "pk": 5,
        "fields": {
            "recurso_tipo": "Herramienta",
            "descripcion_tipo": "Herramientas manuales o eléctricas"
        }
    },
    {
        "model": "LoginApp.tiporecurso",
        "pk": 6,
        "fields": {
            "recurso_tipo": "Audio/Video",
            "descripcion_tipo": "Equipos de sonido y video"
        }
    },
    {
        "model": "LoginApp.tiporecurso",
        "pk": 7,
        "fields": {
            "recurso_tipo": "Red",
            "descripcion_tipo": "Equipos de networking y comunicaciones"
        }
    },
    {
        "model": "LoginApp.trasladorecurso",
        "pk": 2,
        "fields": {
            "recurso": 1,
            "ambiente_origen": 1,
            "ambiente_destino": 2,
            "fecha_traslado": "2025-12-12T03:06:00Z",
            "observacion": "Se presta temporalmente",
            "instructor_origen": 3,
            "instructor_destino": 4,
            "tiempo_prestamo": "2 horas"
        }
    },
    {
        "model": "LoginApp.trasladorecurso",
        "pk": 6,
        "fields": {
            "recurso": 4,
            "ambiente_origen": 2,
            "ambiente_destino": 3,
            "fecha_traslado": "2025-12-12T03:32:00Z",
            "observacion": "Se presta el proyector dos",
            "instructor_origen": 3,
            "instructor_destino": 4,
            "tiempo_prestamo": "2 horas"
        }
    },
    {
        "model": "LoginApp.trasladorecurso",
        "pk": 8,
        "fields": {
            "recurso": 6,
            "ambiente_origen": 4,
            "ambiente_destino": 7,
            "fecha_traslado": "2025-12-12T03:39:00Z",
            "observacion": "Se devuelve impresora",
            "instructor_origen": 3,
            "instructor_destino": 4,
            "tiempo_prestamo": "2 horas"
        }
    },
    {
        "model": "LoginApp.trasladorecurso",
        "pk": 11,
        "fields": {
            "recurso": 7,
            "ambiente_origen": 7,
            "ambiente_destino": 2,
            "fecha_traslado": "2026-04-07T01:26:00Z",
            "observacion": "Se hace traslado de impresora",
            "instructor_origen": 3,
            "instructor_destino": 4,
            "tiempo_prestamo": "2 horas"
        }
    },
    {
        "model": "LoginApp.trasladorecurso",
        "pk": 12,
        "fields": {
            "recurso": 10,
            "ambiente_origen": 10,
            "ambiente_destino": 1,
            "fecha_traslado": "2026-06-15T20:44:00Z",
            "observacion": "Se realiza prestamo temporal",
            "instructor_origen": 6,
            "instructor_destino": 44,
            "tiempo_prestamo": "6 horas"
        }
    },
    {
        "model": "LoginApp.userrol",
        "pk": 2,
        "fields": {
            "id_usuario": 2,
            "id_rol": 1
        }
    },
    {
        "model": "LoginApp.userrol",
        "pk": 3,
        "fields": {
            "id_usuario": 3,
            "id_rol": 2
        }
    },
    {
        "model": "LoginApp.userrol",
        "pk": 4,
        "fields": {
            "id_usuario": 4,
            "id_rol": 2
        }
    },
    {
        "model": "LoginApp.userrol",
        "pk": 5,
        "fields": {
            "id_usuario": 5,
            "id_rol": 2
        }
    },
    {
        "model": "LoginApp.userrol",
        "pk": 6,
        "fields": {
            "id_usuario": 6,
            "id_rol": 2
        }
    },
    {
        "model": "LoginApp.userrol",
        "pk": 7,
        "fields": {
            "id_usuario": 7,
            "id_rol": 2
        }
    },
    {
        "model": "LoginApp.userrol",
        "pk": 8,
        "fields": {
            "id_usuario": 8,
            "id_rol": 4
        }
    },
    {
        "model": "LoginApp.userrol",
        "pk": 9,
        "fields": {
            "id_usuario": 9,
            "id_rol": 4
        }
    },
    {
        "model": "LoginApp.userrol",
        "pk": 10,
        "fields": {
            "id_usuario": 10,
            "id_rol": 4
        }
    },
    {
        "model": "LoginApp.userrol",
        "pk": 11,
        "fields": {
            "id_usuario": 11,
            "id_rol": 3
        }
    },
    {
        "model": "LoginApp.userrol",
        "pk": 12,
        "fields": {
            "id_usuario": 12,
            "id_rol": 3
        }
    },
    {
        "model": "LoginApp.userrol",
        "pk": 13,
        "fields": {
            "id_usuario": 13,
            "id_rol": 3
        }
    },
    {
        "model": "LoginApp.userrol",
        "pk": 14,
        "fields": {
            "id_usuario": 14,
            "id_rol": 3
        }
    },
    {
        "model": "LoginApp.userrol",
        "pk": 15,
        "fields": {
            "id_usuario": 15,
            "id_rol": 3
        }
    },
    {
        "model": "LoginApp.userrol",
        "pk": 16,
        "fields": {
            "id_usuario": 16,
            "id_rol": 3
        }
    },
    {
        "model": "LoginApp.userrol",
        "pk": 17,
        "fields": {
            "id_usuario": 17,
            "id_rol": 3
        }
    },
    {
        "model": "LoginApp.userrol",
        "pk": 18,
        "fields": {
            "id_usuario": 18,
            "id_rol": 3
        }
    },
    {
        "model": "LoginApp.userrol",
        "pk": 19,
        "fields": {
            "id_usuario": 19,
            "id_rol": 3
        }
    },
    {
        "model": "LoginApp.userrol",
        "pk": 20,
        "fields": {
            "id_usuario": 20,
            "id_rol": 3
        }
    },
    {
        "model": "LoginApp.userrol",
        "pk": 21,
        "fields": {
            "id_usuario": 21,
            "id_rol": 1
        }
    },
    {
        "model": "LoginApp.userrol",
        "pk": 42,
        "fields": {
            "id_usuario": 42,
            "id_rol": 3
        }
    },
    {
        "model": "LoginApp.userrol",
        "pk": 43,
        "fields": {
            "id_usuario": 43,
            "id_rol": 1
        }
    },
    {
        "model": "LoginApp.userrol",
        "pk": 44,
        "fields": {
            "id_usuario": 44,
            "id_rol": 2
        }
    },
    {
        "model": "LoginApp.userrol",
        "pk": 45,
        "fields": {
            "id_usuario": 45,
            "id_rol": 3
        }
    },
    {
        "model": "LoginApp.userrol",
        "pk": 46,
        "fields": {
            "id_usuario": 46,
            "id_rol": 4
        }
    },
    {
        "model": "LoginApp.userrol",
        "pk": 52,
        "fields": {
            "id_usuario": 52,
            "id_rol": 3
        }
    },
    {
        "model": "LoginApp.userrol",
        "pk": 68,
        "fields": {
            "id_usuario": 65,
            "id_rol": 3
        }
    },
    {
        "model": "LoginApp.userrol",
        "pk": 69,
        "fields": {
            "id_usuario": 66,
            "id_rol": 3
        }
    },
    {
        "model": "LoginApp.userrol",
        "pk": 70,
        "fields": {
            "id_usuario": 67,
            "id_rol": 3
        }
    },
    {
        "model": "LoginApp.userrol",
        "pk": 71,
        "fields": {
            "id_usuario": 68,
            "id_rol": 3
        }
    },
    {
        "model": "LoginApp.userrol",
        "pk": 72,
        "fields": {
            "id_usuario": 69,
            "id_rol": 2
        }
    },
    {
        "model": "LoginApp.userrol",
        "pk": 73,
        "fields": {
            "id_usuario": 70,
            "id_rol": 2
        }
    },
    {
        "model": "LoginApp.userrol",
        "pk": 77,
        "fields": {
            "id_usuario": 73,
            "id_rol": 3
        }
    },
    {
        "model": "LoginApp.userrol",
        "pk": 78,
        "fields": {
            "id_usuario": 72,
            "id_rol": 2
        }
    },
    {
        "model": "LoginApp.userrol",
        "pk": 79,
        "fields": {
            "id_usuario": 74,
            "id_rol": 3
        }
    },
    {
        "model": "LoginApp.userrol",
        "pk": 82,
        "fields": {
            "id_usuario": 1,
            "id_rol": 2
        }
    },
    {
        "model": "LoginApp.userrol",
        "pk": 88,
        "fields": {
            "id_usuario": 80,
            "id_rol": 3
        }
    },
    {
        "model": "LoginApp.usuario",
        "pk": 1,
        "fields": {
            "p_nombre": "Carlos",
            "s_nombre": "Alberto",
            "p_apellido": "Rodriguez",
            "s_apellido": "Peña",
            "tipo_documento": "CC",
            "num_documento": 1012345001,
            "correo": "carlos.rodriguez@sena.edu.co",
            "contrasena": "0192023a7bbd73250516f069df18b500"
        }
    },
    {
        "model": "LoginApp.usuario",
        "pk": 2,
        "fields": {
            "p_nombre": "Ana",
            "s_nombre": "Maria",
            "p_apellido": "Gonzalez",
            "s_apellido": "Lopez",
            "tipo_documento": "CC",
            "num_documento": 1012345002,
            "correo": "ana.gonzalez@sena.edu.co",
            "contrasena": "1a145a23d6e47aadfe2063f1f951e691"
        }
    },
    {
        "model": "LoginApp.usuario",
        "pk": 3,
        "fields": {
            "p_nombre": "Juan",
            "s_nombre": "Carlos",
            "p_apellido": "Perez",
            "s_apellido": "Gomez",
            "tipo_documento": "CC",
            "num_documento": 1012345003,
            "correo": "juan.perez@sena.edu.co",
            "contrasena": "04b918c442e65393a51bbc5053182e94"
        }
    },
    {
        "model": "LoginApp.usuario",
        "pk": 4,
        "fields": {
            "p_nombre": "Maria",
            "s_nombre": "Alejandra",
            "p_apellido": "Lopez",
            "s_apellido": "Diaz",
            "tipo_documento": "CC",
            "num_documento": 1012345004,
            "correo": "maria.lopez@sena.edu.co",
            "contrasena": "9564628d490f9ad17f45191e01cd7aae"
        }
    },
    {
        "model": "LoginApp.usuario",
        "pk": 5,
        "fields": {
            "p_nombre": "Pedro",
            "s_nombre": "Luis",
            "p_apellido": "Martinez",
            "s_apellido": "Silva",
            "tipo_documento": "CC",
            "num_documento": 1012345005,
            "correo": "pedro.martinez@sena.edu.co",
            "contrasena": "b6de54b24ff4234c4f8226aaee5279a7"
        }
    },
    {
        "model": "LoginApp.usuario",
        "pk": 6,
        "fields": {
            "p_nombre": "Laura",
            "s_nombre": "Sofia",
            "p_apellido": "Torres",
            "s_apellido": "Vargas",
            "tipo_documento": "CC",
            "num_documento": 1012345006,
            "correo": "laura.torres@sena.edu.co",
            "contrasena": "d217ffa64094a64f26dae45343d576d5"
        }
    },
    {
        "model": "LoginApp.usuario",
        "pk": 7,
        "fields": {
            "p_nombre": "Diego",
            "s_nombre": "Andres",
            "p_apellido": "Ramirez",
            "s_apellido": "Castro",
            "tipo_documento": "CC",
            "num_documento": 1012345007,
            "correo": "diego.ramirez@sena.edu.co",
            "contrasena": "22d90ef7d0e27f194ced2add1ede92d9"
        }
    },
    {
        "model": "LoginApp.usuario",
        "pk": 8,
        "fields": {
            "p_nombre": "Roberto",
            "s_nombre": "Antonio",
            "p_apellido": "Morales",
            "s_apellido": "Ruiz",
            "tipo_documento": "CC",
            "num_documento": 1012345008,
            "correo": "roberto.morales@sena.edu.co",
            "contrasena": "8dc137e098b97d39ba9915f9e7a45e57"
        }
    },
    {
        "model": "LoginApp.usuario",
        "pk": 9,
        "fields": {
            "p_nombre": "Carmen",
            "s_nombre": "Isabel",
            "p_apellido": "Jimenez",
            "s_apellido": "Herrera",
            "tipo_documento": "CC",
            "num_documento": 1012345009,
            "correo": "carmen.jimenez@sena.edu.co",
            "contrasena": "b676728cb9ca01df59767ec700ef2e34"
        }
    },
    {
        "model": "LoginApp.usuario",
        "pk": 10,
        "fields": {
            "p_nombre": "Fernando",
            "s_nombre": "Jose",
            "p_apellido": "Gutierrez",
            "s_apellido": "Sanchez",
            "tipo_documento": "CC",
            "num_documento": 1012345010,
            "correo": "fernando.gutierrez@sena.edu.co",
            "contrasena": "c32bc6d9da419ec0efafac778b2d29f9"
        }
    },
    {
        "model": "LoginApp.usuario",
        "pk": 11,
        "fields": {
            "p_nombre": "Alejandro",
            "s_nombre": "David",
            "p_apellido": "Moreno",
            "s_apellido": "Ortega",
            "tipo_documento": "TI",
            "num_documento": 1012345011,
            "correo": "alejandro.moreno@misena.edu.co",
            "contrasena": "0ad573be49c0c011c304fdb2970c4459"
        }
    },
    {
        "model": "LoginApp.usuario",
        "pk": 12,
        "fields": {
            "p_nombre": "Valentina",
            "s_nombre": "Camila",
            "p_apellido": "Diaz",
            "s_apellido": "Suarez",
            "tipo_documento": "TI",
            "num_documento": 1012345012,
            "correo": "valentina.diaz@misena.edu.co",
            "contrasena": "7a4e1484b9ad8b2f796b6db886f180a5"
        }
    },
    {
        "model": "LoginApp.usuario",
        "pk": 13,
        "fields": {
            "p_nombre": "Sebastian",
            "s_nombre": "Nicolas",
            "p_apellido": "Vargas",
            "s_apellido": "Mendez",
            "tipo_documento": "TI",
            "num_documento": 1012345013,
            "correo": "sebastian.vargas@misena.edu.co",
            "contrasena": "b33cee39b81423da28a67ded123e181b"
        }
    },
    {
        "model": "LoginApp.usuario",
        "pk": 14,
        "fields": {
            "p_nombre": "Isabella",
            "s_nombre": "Andrea",
            "p_apellido": "Rojas",
            "s_apellido": "Pineda",
            "tipo_documento": "TI",
            "num_documento": 1012345014,
            "correo": "isabella.rojas@misena.edu.co",
            "contrasena": "37adf989e70a814429b0495773f87f26"
        }
    },
    {
        "model": "LoginApp.usuario",
        "pk": 15,
        "fields": {
            "p_nombre": "Mateo",
            "s_nombre": "Alejandro",
            "p_apellido": "Castillo",
            "s_apellido": "Vega",
            "tipo_documento": "TI",
            "num_documento": 1012345015,
            "correo": "mateo.castillo@misena.edu.co",
            "contrasena": "d94095750f31d48813e82913e8209511"
        }
    },
    {
        "model": "LoginApp.usuario",
        "pk": 16,
        "fields": {
            "p_nombre": "Sophia",
            "s_nombre": "Valentina",
            "p_apellido": "Hernandez",
            "s_apellido": "Molina",
            "tipo_documento": "TI",
            "num_documento": 1012345016,
            "correo": "sophia.hernandez@misena.edu.co",
            "contrasena": "a1c75410f4497cc90e499aa1640a6111"
        }
    },
    {
        "model": "LoginApp.usuario",
        "pk": 17,
        "fields": {
            "p_nombre": "Daniel",
            "s_nombre": "Santiago",
            "p_apellido": "Florez",
            "s_apellido": "Rios",
            "tipo_documento": "TI",
            "num_documento": 1012345017,
            "correo": "daniel.florez@misena.edu.co",
            "contrasena": "15122e8adf18b1a3ea40838034fb7718"
        }
    },
    {
        "model": "LoginApp.usuario",
        "pk": 18,
        "fields": {
            "p_nombre": "Camila",
            "s_nombre": "Alejandra",
            "p_apellido": "Acosta",
            "s_apellido": "Guerrero",
            "tipo_documento": "TI",
            "num_documento": 1012345018,
            "correo": "camila.acosta@misena.edu.co",
            "contrasena": "2803413a0bec8c4c8a70831be6c0b94c"
        }
    },
    {
        "model": "LoginApp.usuario",
        "pk": 19,
        "fields": {
            "p_nombre": "Andres",
            "s_nombre": "Felipe",
            "p_apellido": "Ospina",
            "s_apellido": "Cardenas",
            "tipo_documento": "TI",
            "num_documento": 1012345019,
            "correo": "andres.ospina@misena.edu.co",
            "contrasena": "ab53cd4138c6cc21c856de4360c2bd1f"
        }
    },
    {
        "model": "LoginApp.usuario",
        "pk": 20,
        "fields": {
            "p_nombre": "Mariana",
            "s_nombre": "Juliana",
            "p_apellido": "Parra",
            "s_apellido": "Aguilar",
            "tipo_documento": "TI",
            "num_documento": 1012345020,
            "correo": "mariana.parra@misena.edu.co",
            "contrasena": "1153693d12f4d097c1b02d9ad5d787ec"
        }
    },
    {
        "model": "LoginApp.usuario",
        "pk": 21,
        "fields": {
            "p_nombre": "David",
            "s_nombre": "Santiago",
            "p_apellido": "Cruz",
            "s_apellido": "Amado",
            "tipo_documento": "CC",
            "num_documento": 1013123184,
            "correo": "david.cruz@sena.edu.co",
            "contrasena": "5994471abb01112afcc18159f6cc74b4f511b99806da59b3caf5a9c173cacfc5"
        }
    },
    {
        "model": "LoginApp.usuario",
        "pk": 42,
        "fields": {
            "p_nombre": "Luis",
            "s_nombre": "Javier",
            "p_apellido": "Mariño",
            "s_apellido": "Beltran",
            "tipo_documento": "CC",
            "num_documento": 1021672531,
            "correo": "soylucho2006@gmail.com",
            "contrasena": "8d969eef6ecad3c29a3a629280e686cf0c3f5d5a86aff3ca12020c923adc6c92"
        }
    },
    {
        "model": "LoginApp.usuario",
        "pk": 43,
        "fields": {
            "p_nombre": "Elkin ",
            "s_nombre": "Gustavo",
            "p_apellido": "Olarte",
            "s_apellido": "Olarte",
            "tipo_documento": "CC",
            "num_documento": 1140914957,
            "correo": "elkingustavo15@gmail.com",
            "contrasena": "8bb0cf6eb9b17d0f7d22b456f121257dc1254e1f01665370476383ea776df414"
        }
    },
    {
        "model": "LoginApp.usuario",
        "pk": 44,
        "fields": {
            "p_nombre": "Kennen",
            "s_nombre": "Stwd",
            "p_apellido": "Cortes",
            "s_apellido": "Chaparro",
            "tipo_documento": "CC",
            "num_documento": 1234567890,
            "correo": "instructor@gmail.com",
            "contrasena": "47e91eba0cc1d77bcd14812ab877ef64962ba8be7aedf495bbdc1914c0780378"
        }
    },
    {
        "model": "LoginApp.usuario",
        "pk": 45,
        "fields": {
            "p_nombre": "Camilo",
            "s_nombre": "Andrey",
            "p_apellido": "Diaz",
            "s_apellido": "Sarmiento",
            "tipo_documento": "CC",
            "num_documento": 1010101010,
            "correo": "camilo@gmail.com",
            "contrasena": "5aea47df7713fa92d0abe9cfeea34261396541a0c432c8a45a68acecc9f65ec2"
        }
    },
    {
        "model": "LoginApp.usuario",
        "pk": 46,
        "fields": {
            "p_nombre": "Mahily :3",
            "s_nombre": "Kathalina",
            "p_apellido": "Gutierrez",
            "s_apellido": "Ramirez",
            "tipo_documento": "TI",
            "num_documento": 1028487888,
            "correo": "guarda@gmail.com",
            "contrasena": "13791440eec56d20730b2c42e51e36f51d793d2f0e81483bbf6130f316661510"
        }
    },
    {
        "model": "LoginApp.usuario",
        "pk": 52,
        "fields": {
            "p_nombre": "Sergio",
            "s_nombre": "Alejandro",
            "p_apellido": "Espinoza",
            "s_apellido": "Muñoz",
            "tipo_documento": "CC",
            "num_documento": 1000726773,
            "correo": "sergio@gmail.com",
            "contrasena": "e77cb994418f5bc0ec1007b6c137918d9aed4e7b0bde45d74a50d09272c2d602"
        }
    },
    {
        "model": "LoginApp.usuario",
        "pk": 65,
        "fields": {
            "p_nombre": "Nicolas",
            "s_nombre": "Andrey",
            "p_apellido": "Tavarez",
            "s_apellido": "Sanchez",
            "tipo_documento": "TI",
            "num_documento": 1140915463,
            "correo": "nicolas@gmail.com",
            "contrasena": "f65c20e8412f0eb2ade4531ad3d2471bcbafe5f2d3cdaa6324a6e47356a3f819"
        }
    },
    {
        "model": "LoginApp.usuario",
        "pk": 66,
        "fields": {
            "p_nombre": "Valerie",
            "s_nombre": "",
            "p_apellido": "Hernandez",
            "s_apellido": "",
            "tipo_documento": "CC",
            "num_documento": 79919258,
            "correo": "valerie@gmail.com",
            "contrasena": "046b9667462a716e1a5121095f11153101a8b8d4358222af8c8e1b98a9bec1f1"
        }
    },
    {
        "model": "LoginApp.usuario",
        "pk": 67,
        "fields": {
            "p_nombre": "Carlos",
            "s_nombre": "Andres",
            "p_apellido": "Ramirez",
            "s_apellido": "Pedraza",
            "tipo_documento": "CC",
            "num_documento": 1023456789,
            "correo": "carlos.ramirez@sena.edu.co",
            "contrasena": "8df25db9f7c3fd2a50f5fe37fa7ef138"
        }
    },
    {
        "model": "LoginApp.usuario",
        "pk": 68,
        "fields": {
            "p_nombre": "Valentina",
            "s_nombre": "Sofia",
            "p_apellido": "Torres",
            "s_apellido": "Muñoz",
            "tipo_documento": "CC",
            "num_documento": 1098765432,
            "correo": "valentina.torres@sena.edu.co",
            "contrasena": "8df25db9f7c3fd2a50f5fe37fa7ef138"
        }
    },
    {
        "model": "LoginApp.usuario",
        "pk": 69,
        "fields": {
            "p_nombre": "Jorge",
            "s_nombre": "Luis",
            "p_apellido": "Bermudez",
            "s_apellido": "Castro",
            "tipo_documento": "CC",
            "num_documento": 79456123,
            "correo": "jorge.bermudez@sena.edu.co",
            "contrasena": "8df25db9f7c3fd2a50f5fe37fa7ef138"
        }
    },
    {
        "model": "LoginApp.usuario",
        "pk": 70,
        "fields": {
            "p_nombre": "Adriana",
            "s_nombre": "Paola",
            "p_apellido": "Guerrero",
            "s_apellido": "Salinas",
            "tipo_documento": "CC",
            "num_documento": 52789456,
            "correo": "adriana.guerrero@sena.edu.co",
            "contrasena": "8df25db9f7c3fd2a50f5fe37fa7ef138"
        }
    },
    {
        "model": "LoginApp.usuario",
        "pk": 72,
        "fields": {
            "p_nombre": "Paula",
            "s_nombre": "Andrea",
            "p_apellido": "Conde",
            "s_apellido": "Aguja",
            "tipo_documento": "CC",
            "num_documento": 1023378379,
            "correo": "condepaula472@gmail.com",
            "contrasena": "c56393689c5b7d0dc0135ec12e1f7639195b44442fbc74ba7bec2bddcf902a14"
        }
    },
    {
        "model": "LoginApp.usuario",
        "pk": 73,
        "fields": {
            "p_nombre": "Julian",
            "s_nombre": "Alonso",
            "p_apellido": "Perez",
            "s_apellido": "Garcia",
            "tipo_documento": "CC",
            "num_documento": 1234567880,
            "correo": "pa.alvaritocruz@gmail.com",
            "contrasena": "eb52fc9a4b3a81a2000a9e774d5aa515"
        }
    },
    {
        "model": "LoginApp.usuario",
        "pk": 74,
        "fields": {
            "p_nombre": "Sharon",
            "s_nombre": "Daniela",
            "p_apellido": "Hernandez",
            "s_apellido": "Puerto",
            "tipo_documento": "CC",
            "num_documento": 202466675,
            "correo": "sharond_hernandezp@soy.sena.edu.co",
            "contrasena": "49fdb41edb85ad332a8f871af8f0d7629183469ed665db19fbd062c8facb2f43"
        }
    },
    {
        "model": "LoginApp.usuario",
        "pk": 80,
        "fields": {
            "p_nombre": "Juan",
            "s_nombre": "Carlos",
            "p_apellido": "Perez",
            "s_apellido": "Garcia",
            "tipo_documento": "CC",
            "num_documento": 12345678,
            "correo": "juan@sena.edu.co",
            "contrasena": "eb52fc9a4b3a81a2000a9e774d5aa515"
        }
    },
    {
        "model": "LoginApp.asignacionambiente",
        "pk": 6,
        "fields": {
            "instructor": 44,
            "ambiente": 5,
            "jornada": 1,
            "fecha_inicio": "2026-06-15",
            "fecha_fin": "2026-09-13",
            "trimestre": "Trimestre VI",
            "estado": "ACTIVO"
        }
    },
    {
        "model": "LoginApp.asignacionambiente",
        "pk": 7,
        "fields": {
            "instructor": 44,
            "ambiente": 7,
            "jornada": 2,
            "fecha_inicio": "2026-06-15",
            "fecha_fin": "2026-09-13",
            "trimestre": "Trimestre I",
            "estado": "ACTIVO"
        }
    },
    {
        "model": "LoginApp.asignacionambiente",
        "pk": 8,
        "fields": {
            "instructor": 3,
            "ambiente": 5,
            "jornada": 2,
            "fecha_inicio": "2026-06-15",
            "fecha_fin": "2026-09-13",
            "trimestre": "Trimestre II",
            "estado": "ACTIVO"
        }
    },
    {
        "model": "LoginApp.asignacionambiente",
        "pk": 11,
        "fields": {
            "instructor": 3,
            "ambiente": 5,
            "jornada": 1,
            "fecha_inicio": "2026-06-15",
            "fecha_fin": "2026-09-13",
            "trimestre": "Trimestre II",
            "estado": "ACTIVO"
        }
    },
    {
        "model": "LoginApp.asignacionambiente",
        "pk": 12,
        "fields": {
            "instructor": 4,
            "ambiente": 1,
            "jornada": 2,
            "fecha_inicio": "2026-06-15",
            "fecha_fin": "2026-09-13",
            "trimestre": "Trimestre III",
            "estado": "ACTIVO"
        }
    },
    {
        "model": "LoginApp.asignacionambiente",
        "pk": 13,
        "fields": {
            "instructor": 5,
            "ambiente": 2,
            "jornada": 2,
            "fecha_inicio": "2026-06-15",
            "fecha_fin": "2026-09-13",
            "trimestre": "Trimestre V",
            "estado": "ACTIVO"
        }
    },
    {
        "model": "LoginApp.asignacionambiente",
        "pk": 14,
        "fields": {
            "instructor": 6,
            "ambiente": 1,
            "jornada": 2,
            "fecha_inicio": "2026-06-15",
            "fecha_fin": "2026-09-13",
            "trimestre": "Trimestre II",
            "estado": "ACTIVO"
        }
    },
    {
        "model": "LoginApp.asignacionambiente",
        "pk": 15,
        "fields": {
            "instructor": 7,
            "ambiente": 3,
            "jornada": 1,
            "fecha_inicio": "2026-06-15",
            "fecha_fin": "2026-09-13",
            "trimestre": "Trimestre II",
            "estado": "ACTIVO"
        }
    },
    {
        "model": "LoginApp.asignacionambiente",
        "pk": 16,
        "fields": {
            "instructor": 4,
            "ambiente": 3,
            "jornada": 2,
            "fecha_inicio": "2026-06-15",
            "fecha_fin": "2026-09-13",
            "trimestre": "Trimestre II",
            "estado": "ACTIVO"
        }
    },
    {
        "model": "LoginApp.asignacionambiente",
        "pk": 17,
        "fields": {
            "instructor": 7,
            "ambiente": 4,
            "jornada": 1,
            "fecha_inicio": "2026-06-15",
            "fecha_fin": "2026-09-13",
            "trimestre": "Trimestre II",
            "estado": "ACTIVO"
        }
    },
    {
        "model": "LoginApp.asignacionambiente",
        "pk": 18,
        "fields": {
            "instructor": 5,
            "ambiente": 4,
            "jornada": 2,
            "fecha_inicio": "2026-06-15",
            "fecha_fin": "2026-09-13",
            "trimestre": "Trimestre II",
            "estado": "ACTIVO"
        }
    },
    {
        "model": "LoginApp.asignacionambiente",
        "pk": 19,
        "fields": {
            "instructor": 7,
            "ambiente": 6,
            "jornada": 1,
            "fecha_inicio": "2026-06-15",
            "fecha_fin": "2026-09-13",
            "trimestre": "Trimestre II",
            "estado": "ACTIVO"
        }
    },
    {
        "model": "LoginApp.asignacionambiente",
        "pk": 20,
        "fields": {
            "instructor": 6,
            "ambiente": 6,
            "jornada": 2,
            "fecha_inicio": "2026-06-15",
            "fecha_fin": "2026-09-13",
            "trimestre": "Trimestre II",
            "estado": "ACTIVO"
        }
    },
    {
        "model": "LoginApp.asignacionambiente",
        "pk": 21,
        "fields": {
            "instructor": 3,
            "ambiente": 8,
            "jornada": 1,
            "fecha_inicio": "2026-06-15",
            "fecha_fin": "2026-09-13",
            "trimestre": "Trimestre II",
            "estado": "ACTIVO"
        }
    },
    {
        "model": "LoginApp.asignacionambiente",
        "pk": 22,
        "fields": {
            "instructor": 7,
            "ambiente": 8,
            "jornada": 2,
            "fecha_inicio": "2026-06-15",
            "fecha_fin": "2026-09-13",
            "trimestre": "Trimestre II",
            "estado": "ACTIVO"
        }
    },
    {
        "model": "LoginApp.asignacionambiente",
        "pk": 23,
        "fields": {
            "instructor": 4,
            "ambiente": 9,
            "jornada": 1,
            "fecha_inicio": "2026-06-15",
            "fecha_fin": "2026-09-13",
            "trimestre": "Trimestre II",
            "estado": "ACTIVO"
        }
    },
    {
        "model": "LoginApp.asignacionambiente",
        "pk": 24,
        "fields": {
            "instructor": 44,
            "ambiente": 9,
            "jornada": 2,
            "fecha_inicio": "2026-06-15",
            "fecha_fin": "2026-09-13",
            "trimestre": "Trimestre II",
            "estado": "ACTIVO"
        }
    },
    {
        "model": "LoginApp.asignacionambiente",
        "pk": 25,
        "fields": {
            "instructor": 6,
            "ambiente": 10,
            "jornada": 1,
            "fecha_inicio": "2026-06-15",
            "fecha_fin": "2026-09-13",
            "trimestre": "Trimestre II",
            "estado": "ACTIVO"
        }
    },
    {
        "model": "LoginApp.asignacionambiente",
        "pk": 26,
        "fields": {
            "instructor": 5,
            "ambiente": 10,
            "jornada": 2,
            "fecha_inicio": "2026-06-15",
            "fecha_fin": "2026-09-13",
            "trimestre": "Trimestre II",
            "estado": "ACTIVO"
        }
    },
    {
        "model": "LoginApp.asignacionambiente",
        "pk": 27,
        "fields": {
            "instructor": 44,
            "ambiente": 11,
            "jornada": 1,
            "fecha_inicio": "2026-06-18",
            "fecha_fin": "2026-09-15",
            "trimestre": "Trimestre III",
            "estado": "ACTIVO"
        }
    },
    {
        "model": "LoginApp.justificacion",
        "pk": 1,
        "fields": {
            "inasistencia": 17,
            "pdf_file": "justificaciones/MANUAL_INSTALACION_LMACK.pdf",
            "estado": "Pendiente",
            "observacion": null,
            "fecha_creacion": "2026-06-14T15:03:17Z"
        }
    },
    {
        "model": "LoginApp.justificacion",
        "pk": 2,
        "fields": {
            "inasistencia": 18,
            "pdf_file": "justificaciones/MANUAL_INSTALACION_LMACK_8xA5AN6.pdf",
            "estado": "Aprobada",
            "observacion": null,
            "fecha_creacion": "2026-06-14T15:08:50Z"
        }
    },
    {
        "model": "LoginApp.justificacion",
        "pk": 4,
        "fields": {
            "inasistencia": 21,
            "pdf_file": "justificaciones/MANUAL_INSTALACION_LMACK_VSJGvJo.pdf",
            "estado": "Aprobada",
            "observacion": null,
            "fecha_creacion": "2026-06-15T22:00:15Z"
        }
    },
    {
        "model": "LoginApp.justificacion",
        "pk": 5,
        "fields": {
            "inasistencia": 22,
            "pdf_file": "justificaciones/MANUAL_INSTALACION_LMACK_xEIPOhS.pdf",
            "estado": "Aprobada",
            "observacion": "Se recibe la justificacion",
            "fecha_creacion": "2026-06-17T13:17:41Z"
        }
    },
    {
        "model": "LoginApp.justificacion",
        "pk": 6,
        "fields": {
            "inasistencia": 26,
            "pdf_file": "justificaciones/CamScanner_09-06-2026_18_gEMxeLc.21.pdf",
            "estado": "Rechazada",
            "observacion": null,
            "fecha_creacion": "2026-06-19T01:37:56Z"
        }
    }
]